{"count":1,"self":35429.023744,"total":44417.2076722,"children":{"AgentSendState":{"count":6407877,"self":32.489599999999996,"total":129.0594317,"children":{"CollectObservations":{"count":1281540,"self":35.652015999999996,"total":35.6520171,"children":null},"WriteActionMask":{"count":1281540,"self":4.1359816,"total":4.1359813999999995,"children":null},"RequestDecision":{"count":1281540,"self":16.2762512,"total":56.781833,"children":{"AgentInfo.ToProto":{"count":1281540,"self":13.693256,"total":40.5055818,"children":{"GenerateSensorData":{"count":1281540,"self":26.8123248,"total":26.8123255,"children":null}}}}}}},"DecideAction":{"count":6407877,"self":8627.7742592,"total":8627.7742795,"children":null},"AgentAct":{"count":6407877,"self":231.18850559999998,"total":231.18993319999998,"children":{"AgentInfo.ToProto":{"count":80,"self":0,"total":0.0014303999999999999,"children":{"GenerateSensorData":{"count":80,"self":0.0014303999999999999,"total":0.0014303999999999999,"children":null}}}}},"InitializeActuators":{"count":8,"self":0.0039445,"total":0.0039445,"children":null},"InitializeSensors":{"count":8,"self":0.0009996,"total":0.0009996,"children":null},"AgentInfo.ToProto":{"count":6940,"self":0.050470799999999996,"total":0.1556617,"children":{"GenerateSensorData":{"count":6940,"self":0.10519089999999999,"total":0.10519089999999999,"children":null}}}},"gauges":{"CarAgent.CumulativeReward":{"count":7015,"max":5779.57471,"min":-88.2956543,"runningAverage":2296.20728,"value":1045.60022,"weightedAverage":2816.54224}},"metadata":{"timer_format_version":"0.1.0","start_time_seconds":"1742420807","unity_version":"6000.0.39f1","command_line_arguments":"D:\\Unity\\6000.0.39f1\\Editor\\Unity.exe -projectpath D:\\CompSci Final Year Project\\CompSci Final Year Project -useHub -hubIPC -cloudEnvironment production","communication_protocol_version":"1.5.0","com.unity.ml-agents_version":"3.0.0","scene_name":"AI training scene","end_time_seconds":"1742465224"}}