{"count":1,"self":7794.8002303999992,"total":39871.783252199995,"children":{"AgentSendState":{"count":4414069,"self":45.642511999999996,"total":240.26086899999999,"children":{"CollectObservations":{"count":11034326,"self":72.370815999999991,"total":72.370817199999991,"children":null},"WriteActionMask":{"count":11034326,"self":7.7376863999999994,"total":7.7376862,"children":null},"RequestDecision":{"count":11034326,"self":27.3327296,"total":114.5098549,"children":{"AgentInfo.ToProto":{"count":11034326,"self":25.490056,"total":87.177123999999992,"children":{"GenerateSensorData":{"count":11034326,"self":61.6870656,"total":61.687068499999995,"children":null}}}}}}},"DecideAction":{"count":4414069,"self":31592.7953408,"total":31592.7949692,"children":null},"AgentAct":{"count":4414069,"self":224.47029759999998,"total":224.60946049999998,"children":{"AgentInfo.ToProto":{"count":10350,"self":0.056248599999999996,"total":0.13915339999999998,"children":{"GenerateSensorData":{"count":10350,"self":0.0829048,"total":0.0829048,"children":null}}}}},"InitializeActuators":{"count":20,"self":0.0015061999999999999,"total":0.0015061999999999999,"children":null},"InitializeSensors":{"count":20,"self":0.0015218,"total":0.0015218,"children":null},"AgentInfo.ToProto":{"count":1388279,"self":7.6944399999999993,"total":19.3148063,"children":{"GenerateSensorData":{"count":1388279,"self":11.6203664,"total":11.620366599999999,"children":null}}}},"gauges":{"CarAgent.CumulativeReward":{"count":1398614,"max":33684.207,"min":-2781.04541,"runningAverage":-893.048462,"value":-19.19168,"weightedAverage":-16.5935745}},"metadata":{"timer_format_version":"0.1.0","start_time_seconds":"1742339644","unity_version":"6000.0.39f1","command_line_arguments":"D:\\Unity\\6000.0.39f1\\Editor\\Unity.exe -projectpath D:\\CompSci Final Year Project\\CompSci Final Year Project -useHub -hubIPC -cloudEnvironment production","communication_protocol_version":"1.5.0","com.unity.ml-agents_version":"3.0.0","scene_name":"AI training scene","end_time_seconds":"1742379516"}}