{"count":1,"self":30927.595110399998,"total":40078.836763499996,"children":{"AgentSendState":{"count":2894828,"self":44.5257408,"total":281.0702545,"children":{"CollectObservations":{"count":5786845,"self":128.4835328,"total":128.4835381,"children":null},"WriteActionMask":{"count":5786845,"self":8.0825624,"total":8.0825627,"children":null},"RequestDecision":{"count":5786845,"self":25.663963199999998,"total":99.9784128,"children":{"AgentInfo.ToProto":{"count":5786845,"self":20.6915568,"total":74.3144502,"children":{"GenerateSensorData":{"count":5786845,"self":53.622892799999995,"total":53.622893499999996,"children":null}}}}}}},"DecideAction":{"count":2894828,"self":8499.8365184,"total":8499.8362679,"children":null},"AgentAct":{"count":2894828,"self":369.81847039999997,"total":370.1071586,"children":{"AgentInfo.ToProto":{"count":9872,"self":0.0773474,"total":0.2886841,"children":{"GenerateSensorData":{"count":9872,"self":0.2113367,"total":0.2113367,"children":null}}}}},"InitializeActuators":{"count":370,"self":0.0139072,"total":0.0139072,"children":null},"InitializeSensors":{"count":370,"self":0.0050796999999999995,"total":0.0050796999999999995,"children":null},"AgentInfo.ToProto":{"count":7456,"self":0.083676,"total":0.20805659999999998,"children":{"GenerateSensorData":{"count":7456,"self":0.1243806,"total":0.1243806,"children":null}}}},"gauges":{"CarAgent.CumulativeReward":{"count":16969,"max":22011.9922,"min":-105.603271,"runningAverage":3053.53125,"value":32.7551727,"weightedAverage":5673.217}},"metadata":{"timer_format_version":"0.1.0","start_time_seconds":"1744503408","unity_version":"6000.0.39f1","command_line_arguments":"D:\\Unity\\6000.0.39f1\\Editor\\Unity.exe -projectpath D:\\CompSci Final Year Project\\CompSci Final Year Project -useHub -hubIPC -cloudEnvironment production","communication_protocol_version":"1.5.0","com.unity.ml-agents_version":"3.0.0","scene_name":"AI training scene","end_time_seconds":"1744543486"}}