{"count":1,"self":3494.5564672,"total":16161.445404099999,"children":{"AgentSendState":{"count":1832018,"self":42.0207072,"total":185.0314142,"children":{"CollectObservations":{"count":18308808,"self":34.4889408,"total":34.488939699999996,"children":null},"WriteActionMask":{"count":18308808,"self":7.90348,"total":7.9034803999999994,"children":null},"RequestDecision":{"count":18308808,"self":28.5141024,"total":100.6182882,"children":{"AgentInfo.ToProto":{"count":18308808,"self":25.647899199999998,"total":72.1041852,"children":{"GenerateSensorData":{"count":18308808,"self":46.4562848,"total":46.4562861,"children":null}}}}}}},"DecideAction":{"count":1832018,"self":12130.3556096,"total":12130.3558741,"children":null},"AgentAct":{"count":1832018,"self":350.3275776,"total":350.327583,"children":null},"InitializeActuators":{"count":250,"self":0.0056307,"total":0.0056307,"children":null},"InitializeSensors":{"count":250,"self":0.0069816999999999995,"total":0.0069816999999999995,"children":null},"AgentInfo.ToProto":{"count":175040,"self":0.4497483,"total":1.1606341999999998,"children":{"GenerateSensorData":{"count":175040,"self":0.7108859,"total":0.7108859,"children":null}}}},"gauges":{"CarAgent.CumulativeReward":{"count":174840,"max":3290.05322,"min":0,"runningAverage":645.825745,"value":517.9004,"weightedAverage":587.8469}},"metadata":{"timer_format_version":"0.1.0","start_time_seconds":"1741284766","unity_version":"6000.0.39f1","command_line_arguments":"D:\\Unity\\6000.0.39f1\\Editor\\Unity.exe -projectpath D:\\CompSci Final Year Project\\CompSci Final Year Project -useHub -hubIPC -cloudEnvironment production","communication_protocol_version":"1.5.0","com.unity.ml-agents_version":"3.0.0","scene_name":"AI training scene","end_time_seconds":"1741300928"}}