{"count":1,"self":28529.1872256,"total":37028.2422581,"children":{"AgentSendState":{"count":6260657,"self":23.7837744,"total":95.43508039999999,"children":{"CollectObservations":{"count":1252101,"self":25.2018752,"total":25.2018748,"children":null},"WriteActionMask":{"count":1252101,"self":2.7061268,"total":2.7061268999999997,"children":null},"RequestDecision":{"count":1252101,"self":11.8406656,"total":43.743304099999996,"children":{"AgentInfo.ToProto":{"count":1252101,"self":10.6296024,"total":31.902638399999997,"children":{"GenerateSensorData":{"count":1252101,"self":21.2730368,"total":21.2730361,"children":null}}}}}}},"DecideAction":{"count":6260657,"self":8259.1817727999987,"total":8259.1817727,"children":null},"AgentAct":{"count":6260657,"self":144.32528639999998,"total":144.4191,"children":{"AgentInfo.ToProto":{"count":5123,"self":0.028914099999999998,"total":0.0938088,"children":{"GenerateSensorData":{"count":5123,"self":0.0648947,"total":0.0648947,"children":null}}}}},"InitializeActuators":{"count":7,"self":0.000512,"total":0.000512,"children":null},"InitializeSensors":{"count":7,"self":0,"total":0,"children":null},"AgentInfo.ToProto":{"count":703,"self":0.0062472,"total":0.017659599999999998,"children":{"GenerateSensorData":{"count":703,"self":0.0114124,"total":0.0114124,"children":null}}}},"gauges":{"CarAgent.CumulativeReward":{"count":5820,"max":64305.0977,"min":-58.5638771,"runningAverage":1955.23083,"value":-19.0444889,"weightedAverage":22897.9375}},"metadata":{"timer_format_version":"0.1.0","start_time_seconds":"1741998911","unity_version":"6000.0.39f1","command_line_arguments":"D:\\Unity\\6000.0.39f1\\Editor\\Unity.exe -projectpath D:\\CompSci Final Year Project\\CompSci Final Year Project -useHub -hubIPC -cloudEnvironment production","communication_protocol_version":"1.5.0","com.unity.ml-agents_version":"3.0.0","scene_name":"AI training scene","end_time_seconds":"1742035939"}}